subject_id,thing_id,step_function,cloud_watch_rule,cron_expression,schedule,status,input,description
77101,DSS2-77101-353626070749234,Calculate_Engagement_Metric,DSS2_77101_Engagement_Metric_Schedule,30 5 * * ? *,Every day 5:30 GMT,DISABLED,"{""thing_id"":""DSS2-77101-353626070749234"", ""subject_id"":""77101""}",thing_id:DSS2-77101-353626070749234 ; Schedule: 05:30 GMT -  00:30 EST - 01:30 EDT ; Dynamo DB data-type 'engagement_metric'
77101,DSS2-77101-353626070749234,PredictAdvisoryParams,DSS2_77101_Advisory_Parameter_Schedule,30 6 * * ? *,Every day 6:30 GMT,DISABLED,"{""thing_id"":""DSS2-77101-353626070749234"",""subject_id"":""77101""}",thing_id:DSS2-77101-353626070749234 ; Schedule: 06:30 GMT - 01:30 EST - 2:30 EDT  ; Dynamo DB data-type 'advisory'
77101,DSS2-77101-353626070749234,Create_Daily_Basal_Profile,DSS2_77101_Daily_Basal_Schedule,0 15 * * ? *,Every day 15:00 GMT,DISABLED,"{""thing_id"":""DSS2-77101-353626070749234"", ""subject_id"": ""77101"", ""request_length"": 2580, ""request_interval"": 5 }",thing_id:DSS2-77101-353626070749234 ; Schedule: 15:00 GMT - 10:00 EST - 11:00 EDT ; Dynamo DB data-type 'dailyoptbasal'
77101,DSS2-77101-353626070749234,Create_Daily_SI_Params,DSS2_77101_Daily_SIParams_Schedule,20 15 * * ? *,Every day 15:20 GMT,DISABLED,"{""thing_id"":""DSS2-77101-353626070749234"", ""subject_id"": ""77101"", ""request_length"": 2600, ""request_interval"": 5 }",thing_id:DSS2-77101-353626070749234 ; Schedule: 15:20 GMT - 10:20 EST - 11:20 EDT ; Dynamo DB data-type 'dailysiparams'
77101,DSS2-77101-353626070749234,Create_Daily_BasalCrCf_Profile,DSS2_77101_Profile_Parameter_Schedule,0 13 ? Jan-June FRI 2021,Every Friday 13:00 GMT,DISABLED,"{""thing_id"":""DSS2-77101-353626070749234"", ""subject_id"": ""77101"", ""request_length"": 41340, ""request_interval"": 5 }",thing_id:DSS2-77101-353626070749234 ; Schedule: Every FRIDAY 13:00 GMT - 08:00 EST - 09:00 EDT ; Dynamo DB data-type 'profile'
77102,DSS2-77102-353626070751297,Calculate_Engagement_Metric,DSS2_77102_Engagement_Metric_Schedule,32 5 * * ? *,Every day 5:32 GMT,ENABLED,"{""thing_id"":""DSS2-77102-353626070751297"", ""subject_id"":""77102""}",thing_id:DSS2-77102-353626070751297 ; Schedule: 05:32 GMT -  00:32 EST - 01:32 EDT ; Dynamo DB data-type 'engagement_metric'
77102,DSS2-77102-353626070751297,PredictAdvisoryParams,DSS2_77102_Advisory_Parameter_Schedule,45 6 * * ? *,Every day 6:45 GMT,ENABLED,"{""thing_id"":""DSS2-77102-353626070751297"", ""subject_id"":""77102""}",thing_id:DSS2-77102-353626070751297 ; Schedule: 06:45 GMT - 01:45 EST - 2:45 EDT  ; Dynamo DB data-type 'advisory'
77102,DSS2-77102-353626070751297,Create_Daily_Basal_Profile,DSS2_77102_Daily_Basal_Schedule,30 15 * * ? *,Every day 15:30 GMT,ENABLED,"{""thing_id"":""DSS2-77102-353626070751297"", ""subject_id"": ""77102"", ""request_length"": 2610, ""request_interval"": 5 }",thing_id:DSS2-77102-353626070751297 ; Schedule: 15:30 GMT - 10:30 EST - 11:30 EDT ; Dynamo DB data-type 'dailyoptbasal'
77102,DSS2-77102-353626070751297,Create_Daily_SI_Params,DSS2_77102_Daily_SIParams_Schedule,50 15 * * ? *,Every day 15:50 GMT,ENABLED,"{""thing_id"":""DSS2-77102-353626070751297"", ""subject_id"": ""77102"", ""request_length"": 2630, ""request_interval"": 5 }",thing_id:DSS2-77102-353626070751297 ; Schedule: 15:50 GMT - 10:50 EST - 11:50 EDT ; Dynamo DB data-type 'dailysiparams'
77102,DSS2-77102-353626070751297,Create_Daily_BasalCrCf_Profile,DSS2_77102_Profile_Parameter_Schedule,0 14 ? Jan-June SUN 2021,Every Monday 14:00 GMT,ENABLED,"{""thing_id"":""DSS2-77102-353626070751297"", ""subject_id"": ""77102"", ""request_length"": 41400, ""request_interval"": 5 }",thing_id:DSS2-77102-353626070751297 ; Schedule: Every SUNDAY 14:00 GMT - 9:00 EST - 10:00 EDT ; Dynamo DB data-type 'profile' 
77103,DSS2-77103-355592070223380,Calculate_Engagement_Metric,DSS2_77103_Engagement_Metric_Schedule,34 5 * * ? *,Every day 5:34 GMT,ENABLED,"{""thing_id"":""DSS2-77103-355592070223380"", ""subject_id"":""77103""}",thing_id:DSS2-77103-355592070223380 ; Schedule: 05:34 GMT -  00:34 EST - 01:34 EDT ; Dynamo DB data-type 'engagement_metric'
77103,DSS2-77103-355592070223380,PredictAdvisoryParams,DSS2_77103_Advisory_Parameter_Schedule,0 7 * * ? *,Every day 7:00 GMT,ENABLED,"{""thing_id"":""DSS2-77103-355592070223380"", ""subject_id"":""77103""}",thing_id:DSS2-77103-355592070223380 ; Schedule: 07:00 GMT - 02:00 EST - 3:00 EDT  ; Dynamo DB data-type 'advisory'
77103,DSS2-77103-355592070223380,Create_Daily_Basal_Profile,DSS2_77103_Daily_Basal_Schedule,00 16 * * ? *,Every day 16:00 GMT,ENABLED,"{""thing_id"":""DSS2-77103-355592070223380"", ""subject_id"": ""77103"", ""request_length"": 2640, ""request_interval"": 5 }",thing_id:DSS2-77103-355592070223380 ; Schedule: 16:00 GMT - 11:00 EST - 12:00 EDT ; Dynamo DB data-type 'dailyoptbasal'
77103,DSS2-77103-355592070223380,Create_Daily_SI_Params,DSS2_77103_Daily_SIParams_Schedule,20 16 * * ? *,Every day 16:20 GMT,ENABLED,"{""thing_id"":""DSS2-77103-355592070223380"", ""subject_id"": ""77103"", ""request_length"": 2660, ""request_interval"": 5 }",thing_id:DSS2-77103-355592070223380 ; Schedule: 16:20 GMT - 11:20 EST - 12:20 EDT ; Dynamo DB data-type 'dailysiparams'
77103,DSS2-77103-355592070223380,Create_Daily_BasalCrCf_Profile,DSS2_77103_Profile_Parameter_Schedule,0 14 ? Jan-June FRI 2021,Every Friday 14:00 GMT,ENABLED,"{""thing_id"":""DSS2-77103-355592070223380"", ""subject_id"": ""77103"", ""request_length"": 41400, ""request_interval"": 5 }",thing_id:DSS2-77103-355592070223380 ; Schedule: Every FRIDAY 14:00 GMT - 09:00 EST - 10:00 EDT ; Dynamo DB data-type 'profile'
77104,DSS2-77104-353626070750620,Calculate_Engagement_Metric,DSS2_77104_Engagement_Metric_Schedule,36 5 * * ? *,Every day 5:36 GMT,ENABLED,"{""thing_id"":""DSS2-77104-353626070750620"", ""subject_id"":""77104""}",thing_id:DSS2-77104-353626070750620 ; Schedule: 05:36 GMT -  00:36 EST - 01:36 EDT ; Dynamo DB data-type 'engagement_metric'
77104,DSS2-77104-353626070750620,PredictAdvisoryParams,DSS2_77104_Advisory_Parameter_Schedule,15 7 * * ? *,Every day 7:15 GMT,ENABLED,"{""thing_id"":""DSS2-77104-353626070750620"", ""subject_id"":""77104""}",thing_id:DSS2-77104-353626070750620 ; Schedule: 07:15 GMT - 02:15 EST - 3:15 EDT  ; Dynamo DB data-type 'advisory'
77104,DSS2-77104-353626070750620,Create_Daily_Basal_Profile,DSS2_77104_Daily_Basal_Schedule,30 16 * * ? *,Every day 16:30 GMT,ENABLED,"{""thing_id"":""DSS2-77104-353626070750620"", ""subject_id"": ""77104"", ""request_length"": 2670, ""request_interval"": 5 }",thing_id:DSS2-77104-353626070750620 ; Schedule: 16:30 GMT - 11:30 EST - 12:30 EDT ; Dynamo DB data-type 'dailyoptbasal'
77104,DSS2-77104-353626070750620,Create_Daily_SI_Params,DSS2_77104_Daily_SIParams_Schedule,50 16 * * ? *,Every day 16:50 GMT,ENABLED,"{""thing_id"":""DSS2-77104-353626070750620"", ""subject_id"": ""77104"", ""request_length"": 2690, ""request_interval"": 5 }",thing_id:DSS2-77104-353626070750620 ; Schedule: 16:50 GMT - 11:50 EST - 12:50 EDT ; Dynamo DB data-type 'dailysiparams'
77104,DSS2-77104-353626070750620,Create_Daily_BasalCrCf_Profile,DSS2_77104_Profile_Parameter_Schedule,30 13 ? Jan-June TUE 2021,Every Tuesday 13:30 GMT,ENABLED,"{""thing_id"":""DSS2-77104-353626070750620"", ""subject_id"": ""77104"", ""request_length"": 41370, ""request_interval"": 5 }",thing_id:DSS2-77104-353626070750620 ; Schedule: Every TUESDAY 13:30 GMT - 08:30 EST - 09:30 EDT ; Dynamo DB data-type 'profile'
77105,DSS2-77105-353626070751248,Calculate_Engagement_Metric,DSS2_77105_Engagement_Metric_Schedule,38 5 * * ? *,Every day 5:38 GMT,ENABLED,"{""thing_id"":""DSS2-77105-353626070751248"", ""subject_id"":""77105""}",thing_id:DSS2-77105-353626070751248 ; Schedule: 05:38 GMT -  00:38 EST - 01:38 EDT ; Dynamo DB data-type 'engagement_metric'
77105,DSS2-77105-353626070751248,PredictAdvisoryParams,DSS2_77105_Advisory_Parameter_Schedule,30 7 * * ? *,Every day 7:30 GMT,ENABLED,"{""thing_id"":""DSS2-77105-353626070751248"", ""subject_id"":""77105""}",thing_id:DSS2-77105-353626070751248 ; Schedule: 07:30 GMT - 02:30 EST - 3:30 EDT  ; Dynamo DB data-type 'advisory'
77105,DSS2-77105-353626070751248,Create_Daily_Basal_Profile,DSS2_77105_Daily_Basal_Schedule,00 17 * * ? *,Every day 17:00 GMT,ENABLED,"{""thing_id"":""DSS2-77105-353626070751248"", ""subject_id"": ""77105"", ""request_length"": 2700, ""request_interval"": 5 }",thing_id:DSS2-77105-353626070751248 ; Schedule: 17:00 GMT - 12:00 EST - 13:00 EDT ; Dynamo DB data-type 'dailyoptbasal'
77105,DSS2-77105-353626070751248,Create_Daily_SI_Params,DSS2_77105_Daily_SIParams_Schedule,20 17 * * ? *,Every day 17:20 GMT,ENABLED,"{""thing_id"":""DSS2-77105-353626070751248"", ""subject_id"": ""77105"", ""request_length"": 2720, ""request_interval"": 5 }",thing_id:DSS2-77105-353626070751248 ; Schedule: 17:20 GMT - 12:20 EST - 13:20 EDT ; Dynamo DB data-type 'dailysiparams'
77105,DSS2-77105-353626070751248,Create_Daily_BasalCrCf_Profile,DSS2_77105_Profile_Parameter_Schedule,0 13 ? Jan-June SUN 2021,Every Sunday 13:00 GMT,ENABLED,"{""thing_id"":""DSS2-77105-353626070751248"", ""subject_id"": ""77105"", ""request_length"": 41340, ""request_interval"": 5 }",thing_id:DSS2-77105-353626070751248 ; Schedule: Every SUNDAY 13:00 GMT - 08:00 EST - 09:00 EDT ; Dynamo DB data-type 'profile'
77106,DSS2-77106-353627079610674,Calculate_Engagement_Metric,DSS2_77106_Engagement_Metric_Schedule,40 5 * * ? *,Every day 5:40 GMT,ENABLED,"{""thing_id"":""DSS2-77106-353627079610674"", ""subject_id"":""77106""}",thing_id:DSS2-77106-353627079610674 ; Schedule: 05:40 GMT -  00:40 EST - 01:40 EDT ; Dynamo DB data-type 'engagement_metric'
77106,DSS2-77106-353627079610674,PredictAdvisoryParams,DSS2_77106_Advisory_Parameter_Schedule,45 7 * * ? *,Every day 7:45 GMT,ENABLED,"{""thing_id"":""DSS2-77106-353627079610674"", ""subject_id"":""77106""}",thing_id:DSS2-77106-353627079610674 ; Schedule: 07:45 GMT - 02:45 EST - 3:45 EDT  ; Dynamo DB data-type 'advisory'
77106,DSS2-77106-353627079610674,Create_Daily_Basal_Profile,DSS2_77106_Daily_Basal_Schedule,30 17 * * ? *,Every day 17:30 GMT,ENABLED,"{""thing_id"":""DSS2-77106-353627079610674"", ""subject_id"": ""77106"", ""request_length"": 2730, ""request_interval"": 5 }",thing_id:DSS2-77106-353627079610674 ; Schedule: 17:30 GMT - 12:30 EST - 13:30 EDT ; Dynamo DB data-type 'dailyoptbasal'
77106,DSS2-77106-353627079610674,Create_Daily_SI_Params,DSS2_77106_Daily_SIParams_Schedule,50 17 * * ? *,Every day 17:50 GMT,ENABLED,"{""thing_id"":""DSS2-77106-353627079610674"", ""subject_id"": ""77106"", ""request_length"": 2750, ""request_interval"": 5 }",thing_id:DSS2-77106-353627079610674 ; Schedule: 17:50 GMT - 12:50 EST - 13:50 EDT ; Dynamo DB data-type 'dailysiparams'
77106,DSS2-77106-353627079610674,Create_Daily_BasalCrCf_Profile,DSS2_77106_Profile_Parameter_Schedule,0 14 ? Nov-Jan TUE 2020-2021,Every Tuesday 14:00 GMT,ENABLED,"{""thing_id"":""DSS2-77106-353627079610674"", ""subject_id"": ""77106"", ""request_length"": 41400, ""request_interval"": 5 }",thing_id:DSS2-77106-353627079610674 ; Schedule: Every TUESDAY 14:00 GMT - 09:00 EST - 10:00 EDT ; Dynamo DB data-type 'profile' 
77107,DSS2-77107-353626070754671,Calculate_Engagement_Metric,DSS2_77107_Engagement_Metric_Schedule,42 5 * * ? *,Every day 5:42 GMT,ENABLED,"{""thing_id"":""DSS2-77107-353626070754671"", ""subject_id"":""77107""}",thing_id:DSS2-77107-353626070754671; Schedule: 05:42 GMT -  00:42 EST - 01:42 EDT ; Dynamo DB data-type 'engagement_metric'
77107,DSS2-77107-353626070754671,PredictAdvisoryParams,DSS2_77107_Advisory_Parameter_Schedule,0 8 * * ? *,Every day 8:00 GMT,ENABLED,"{""thing_id"":""DSS2-77107-353626070754671"", ""subject_id"":""77107""}",thing_id:DSS2-77107-353626070754671; Schedule: 08:00 GMT -  03:00 EST - 04:00 EDT ; Dynamo DB data-type 'advisory'
77107,DSS2-77107-353626070754671,Create_Daily_Basal_Profile,DSS2_77107_Daily_Basal_Schedule,0 18 * * ? *, Every day 18:00 GMT,ENABLED,"{""thing_id"":""DSS2-77107-353626070754671"", ""subject_id"": ""77107"", ""request_length"": 2760, ""request_interval"": 5 }",thing_id:DSS2-77107-353626070754671; Schedule: 18:00 GMT -  13:00 EST - 14:00 EDT ; Dynamo DB data-type 'dailyoptbasal'
77107,DSS2-77107-353626070754671,Create_Daily_SI_Params,DSS2_77107_Daily_SIParams_Schedule,20 18 * * ? *, Every day 18:20 GMT,ENABLED,"{""thing_id"":""DSS2-77107-353626070754671"", ""subject_id"": ""77107"", ""request_length"": 2780, ""request_interval"": 5 }",thing_id:DSS2-77107-353626070754671 ; Schedule: 18:20 GMT - 13:20 EST - 14:20 EDT ; Dynamo DB data-type 'dailysiparams'
77107,DSS2-77107-353626070754671,Create_Daily_BasalCrCf_Profile,DSS2_77107_Profile_Parameter_Schedule,30 14 ? Jan-June TUE 2021,Every Tuesday 14:30 GMT,ENABLED,"{""thing_id"":""DSS2-77107-353626070754671"", ""subject_id"": ""77107"", ""request_length"": 41430, ""request_interval"": 5 }",thing_id:DSS2-77107-353626070754671 ; Schedule: Every TUESDAY 14:30 GMT - 9:30 EST - 10:30 EDT ; Dynamo DB data-type 'profile' 
77108,DSS2-77108-353626070749895,Calculate_Engagement_Metric,DSS2_77108_Engagement_Metric_Schedule,44 5 * * ? *,Every day 5:44 GMT,ENABLED,"{""thing_id"":""DSS2-77108-353626070749895"", ""subject_id"":""77108""}",thing_id:DSS2-77108-353626070749895 ; Schedule: 05:44 GMT -  00:44 EST - 01:44 EDT ; Dynamo DB data-type 'engagement_metric'
77108,DSS2-77108-353626070749895,PredictAdvisoryParams,DSS2_77108_Advisory_Parameter_Schedule,15 8 * * ? *,Every day 8:15 GMT,ENABLED,"{""thing_id"":""DSS2-77108-353626070749895"", ""subject_id"":""77108""}",thing_id:DSS2-77108-353626070749895 ; Schedule: 08:15 GMT - 03:15 EST - 04:15 EDT  ; Dynamo DB data-type 'advisory'
77108,DSS2-77108-353626070749895,Create_Daily_Basal_Profile,DSS2_77108_Daily_Basal_Schedule,30 18 * * ? *,Every day 18:30 GMT,ENABLED,"{""thing_id"":""DSS2-77108-353626070749895"", ""subject_id"": ""77108"", ""request_length"": 2790, ""request_interval"": 5 }",thing_id:DSS2-77108-353626070749895 ; Schedule: 18:30 GMT - 13:30 EST - 14:30 EDT ; Dynamo DB data-type 'dailyoptbasal'
77108,DSS2-77108-353626070749895,Create_Daily_SI_Params,DSS2_77108_Daily_SIParams_Schedule,50 18 * * ? *,Every day 18:50 GMT,ENABLED,"{""thing_id"":""DSS2-77108-353626070749895"", ""subject_id"": ""77108"", ""request_length"": 2810, ""request_interval"": 5 }",thing_id:DSS2-77108-353626070749895 ; Schedule: 18:50 GMT - 13:50 EST - 14:50 EDT ; Dynamo DB data-type 'dailysiparams'
77108,DSS2-77108-353626070749895,Create_Daily_BasalCrCf_Profile,DSS2_77108_Profile_Parameter_Schedule,0 14 ? Jan-June MON 2021,Every Monday 14:00 GMT,ENABLED,"{""thing_id"":""DSS2-77108-353626070749895"", ""subject_id"": ""77108"", ""request_length"": 41400, ""request_interval"": 5 }",thing_id:DSS2-77108-353626070749895 ; Schedule: Every MONDAY 14:00 GMT - 09:00 EST - 10:00 EDT ; Dynamo DB data-type 'profile'
77109,DSS2-77109-353627079602689,Calculate_Engagement_Metric,DSS2_77109_Engagement_Metric_Schedule,46 5 * * ? *,Every day 5:46 GMT,ENABLED,"{""thing_id"":""DSS2-77109-353627079602689"", ""subject_id"":""77109""}",thing_id:DSS2-77109-353627079602689 ; Schedule: 05:46 GMT -  00:46 EST - 01:46 EDT ; Dynamo DB data-type 'engagement_metric'
77109,DSS2-77109-353627079602689,PredictAdvisoryParams,DSS2_77109_Advisory_Parameter_Schedule,30 8 * * ? *,Every day 8:30 GMT,ENABLED,"{""thing_id"":""DSS2-77109-353627079602689"", ""subject_id"":""77109""}",thing_id:DSS2-77109-353627079602689 ; Schedule: 08:30 GMT - 03:30 EST - 04:30 EDT  ; Dynamo DB data-type 'advisory'
77109,DSS2-77109-353627079602689,Create_Daily_Basal_Profile,DSS2_77109_Daily_Basal_Schedule,00 19 * * ? *,Every day 19:00 GMT,ENABLED,"{""thing_id"":""DSS2-77109-353627079602689"", ""subject_id"": ""77109"", ""request_length"": 2820, ""request_interval"": 5 }",thing_id:DSS2-77109-353627079602689 ; Schedule: 19:00 GMT - 14:00 EST - 15:00 EDT ; Dynamo DB data-type 'dailyoptbasal'
77109,DSS2-77109-353627079602689,Create_Daily_SI_Params,DSS2_77109_Daily_SIParams_Schedule,20 19 * * ? *,Every day 19:20 GMT,ENABLED,"{""thing_id"":""DSS2-77109-353627079602689"", ""subject_id"": ""77109"", ""request_length"": 2840, ""request_interval"": 5 }",thing_id:DSS2-77109-353627079602689 ; Schedule: 19:20 GMT - 14:20 EST - 15:20 EDT ; Dynamo DB data-type 'dailysiparams'
77109,DSS2-77109-353627079602689,Create_Daily_BasalCrCf_Profile,DSS2_77109_Profile_Parameter_Schedule,0 13 ? Jan-June MON 2021,Every Monday 13:00 GMT,ENABLED,"{""thing_id"":""DSS2-77109-353627079602689"", ""subject_id"": ""77109"", ""request_length"": 41340, ""request_interval"": 5 }",thing_id:DSS2-77109-353627079602689 ; Schedule: Every MONDAY 13:00 GMT - 08:00 EST -  09:00 EDT ; Dynamo DB data-type 'profile'
77110,DSS2-77110-353626070755298,Calculate_Engagement_Metric,DSS2_77110_Engagement_Metric_Schedule,48 5 * * ? *,Every day 5:48 GMT,ENABLED,"{""thing_id"":""DSS2-77110-353626070755298"", ""subject_id"":""77110""}",thing_id:DSS2-77110-353626070755298 ; Schedule: 05:48 GMT - 00:48 EST - 01:48 EDT ; Dynamo DB data-type 'engagement_metric'
77110,DSS2-77110-353626070755298,PredictAdvisoryParams,DSS2_77110_Advisory_Parameter_Schedule,45 8 * * ? *,Every day 8:45 GMT,ENABLED,"{""thing_id"":""DSS2-77110-353626070755298"", ""subject_id"":""77110""}",thing_id:DSS2-77110-353626070755298 ; Schedule: 08:45 GMT - 03:45 EST - 04:45 EDT ; Dynamo DB data-type 'advisory'
77110,DSS2-77110-353626070755298,Create_Daily_Basal_Profile,DSS2_77110_Daily_Basal_Schedule,30 19 * * ? *,Every day 19:30 GMT,ENABLED,"{""thing_id"":""DSS2-77110-353626070755298"", ""subject_id"": ""77110"", ""request_length"": 2850, ""request_interval"": 5 }",thing_id:DSS2-77110-353626070755298 ; Schedule: 19:30 GMT - 14:30 EST - 15:30 EDT ; Dynamo DB data-type 'dailyoptbasal'
77110,DSS2-77110-353626070755298,Create_Daily_SI_Params,DSS2_77110_Daily_SIParams_Schedule,50 19 * * ? *,Every day 19:50 GMT,ENABLED,"{""thing_id"":""DSS2-77110-353626070755298"", ""subject_id"": ""77110"", ""request_length"": 2870, ""request_interval"": 5 }",thing_id:DSS2-77110-353626070755298 ; Schedule: 19:50 GMT - 14:50 EST - 15:50 EDT ; Dynamo DB data-type 'dailysiparams'
77110,DSS2-77110-353626070755298,Create_Daily_BasalCrCf_Profile,DSS2_77110_Profile_Parameter_Schedule,30 14 ? Jan-June MON 2021,Every Monday 14:30 GMT,ENABLED,"{""thing_id"":""DSS2-77110-353626070755298"", ""subject_id"": ""77110"", ""request_length"": 41430, ""request_interval"": 5 }",thing_id:DSS2-77110-353626070755298 ; Schedule: Every MONDAY 14:30 GMT - 09:30 EST -  10:30 EDT ; Dynamo DB data-type 'profile'
77111,DSS2-77111-353626070748897,Calculate_Engagement_Metric,DSS2_77111_Engagement_Metric_Schedule,50 5 * * ? *,Every day 5:50 GMT,ENABLED,"{""thing_id"":""DSS2-77111-353626070748897"", ""subject_id"":""77111""}",thing_id:DSS2-77111-353626070748897 ; Schedule: 05:50 GMT -  00:50 EST - 01:50 EDT ; Dynamo DB data-type 'engagement_metric'
77111,DSS2-77111-353626070748897,PredictAdvisoryParams,DSS2_77111_Advisory_Parameter_Schedule,0 9 * * ? *,Every day 9:00 GMT,ENABLED,"{""thing_id"":""DSS2-77111-353626070748897"", ""subject_id"":""77111""}",thing_id:DSS2-77111-353626070748897 ; Schedule: 09:00 GMT - 04:00 EST - 05:00 EDT  ; Dynamo DB data-type 'advisory'
77111,DSS2-77111-353626070748897,Create_Daily_Basal_Profile,DSS2_77111_Daily_Basal_Schedule,0 20 * * ? *,Every day 20:00 GMT,ENABLED,"{""thing_id"":""DSS2-77111-353626070748897"", ""subject_id"": ""77111"", ""request_length"": 2880, ""request_interval"": 5 }",thing_id:DSS2-77111-353626070748897 ; Schedule: 20:00 GMT - 15:00 EST - 16:00 EDT ; Dynamo DB data-type 'dailyoptbasal'
77111,DSS2-77111-353626070748897,Create_Daily_SI_Params,DSS2_77111_Daily_SIParams_Schedule,20 20 * * ? *,Every day 20:20 GMT,ENABLED,"{""thing_id"":""DSS2-77111-353626070748897"", ""subject_id"": ""77111"", ""request_length"": 2900, ""request_interval"": 5 }",thing_id:DSS2-77111-353626070748897 ; Schedule: 20:20 GMT - 15:20 EST - 16:20 EDT ; Dynamo DB data-type 'dailysiparams'
77111,DSS2-77111-353626070748897,Create_Daily_BasalCrCf_Profile,DSS2_77111_Profile_Parameter_Schedule,0 13 ? Jan-June SAT 2021,Every Saturday 13:00 GMT,ENABLED,"{""thing_id"":""DSS2-77111-353626070748897"", ""subject_id"": ""77111"", ""request_length"": 41340, ""request_interval"": 5 }",thing_id:DSS2-77111-353626070748897 ; Schedule: Every SATURDAY 13:00 GMT - 08:00 EST - 09:00 EDT ; Dynamo DB data-type 'profile' 
77112,DSS2-77112-353627071177953,Calculate_Engagement_Metric,DSS2_77112_Engagement_Metric_Schedule,52 5 * * ? *,Every day 5:52 GMT,ENABLED,"{""thing_id"":""DSS2-77112-353627071177953"", ""subject_id"":""77112""}",thing_id:DSS2-77112-353627071177953 ; Schedule: 05:52 GMT -  00:52 EST - 01:52 EDT ; Dynamo DB data-type 'engagement_metric'
77112,DSS2-77112-353627071177953,PredictAdvisoryParams,DSS2_77112_Advisory_Parameter_Schedule,15 9 * * ? *,Every day 9:15 GMT,ENABLED,"{""thing_id"":""DSS2-77112-353627071177953"", ""subject_id"":""77112""}",thing_id:DSS2-77112-353627071177953 ; Schedule: 09:15 GMT - 04:15 EST - 05:15 EDT  ; Dynamo DB data-type 'advisory'
77112,DSS2-77112-353627071177953,Create_Daily_Basal_Profile,DSS2_77112_Daily_Basal_Schedule,30 20 * * ? *,Every day 20:30 GMT,ENABLED,"{""thing_id"":""DSS2-77112-353627071177953"", ""subject_id"": ""77112"", ""request_length"": 2910, ""request_interval"": 5 }",thing_id:DSS2-77112-353627071177953 ; Schedule: 20:30 GMT - 15:30 EST - 16:30 EDT ; Dynamo DB data-type 'dailyoptbasal'
77112,DSS2-77112-353627071177953,Create_Daily_SI_Params,DSS2_77112_Daily_SIParams_Schedule,50 20 * * ? *,Every day 20:50 GMT,ENABLED,"{""thing_id"":""DSS2-77112-353627071177953"", ""subject_id"": ""77112"", ""request_length"": 2930, ""request_interval"": 5 }",thing_id:DSS2-77112-353627071177953 ; Schedule: 20:50 GMT - 15:50 EST - 16:50 EDT ; Dynamo DB data-type 'dailysiparams'
77112,DSS2-77112-353627071177953,Create_Daily_BasalCrCf_Profile,DSS2_77112_Profile_Parameter_Schedule,30 13 ? Nov-Jan MON 2020-2021,Every Monday 13:30 GMT,ENABLED,"{""thing_id"":""DSS2-77112-353627071177953"", ""subject_id"": ""77112"", ""request_length"": 41370, ""request_interval"": 5 }",thing_id:DSS2-77112-353627071177953 ; Schedule: Every MONDAY 13:30 GMT - 08:30 EST - 09:30 EDT ; Dynamo DB data-type 'profile'
77113,DSS2-77113-353627072203055,Calculate_Engagement_Metric,DSS2_77113_Engagement_Metric_Schedule,54 5 * * ? *,Every day 5:54 GMT,ENABLED,"{""thing_id"":""DSS2-77113-353627072203055"", ""subject_id"":""77113""}",thing_id:DSS2-77113-353627072203055 ; Schedule: 05:54 GMT -  00:54 EST - 01:54 EDT ; Dynamo DB data-type 'engagement_metric'
77113,DSS2-77113-353627072203055,PredictAdvisoryParams,DSS2_77113_Advisory_Parameter_Schedule,30 9 * * ? *,Every day 9:30 GMT,ENABLED,"{""thing_id"":""DSS2-77113-353627072203055"", ""subject_id"":""77113""}",thing_id:DSS2-77113-353627072203055 ; Schedule: 09:30 GMT - 04:30 EST - 05:30 EDT  ; Dynamo DB data-type 'advisory'
77113,DSS2-77113-353627072203055,Create_Daily_Basal_Profile,DSS2_77113_Daily_Basal_Schedule,0 21 * * ? *,Every day 21:00 GMT,ENABLED,"{""thing_id"":""DSS2-77113-353627072203055"", ""subject_id"": ""77113"", ""request_length"": 2940, ""request_interval"": 5 }",thing_id:DSS2-77113-353627072203055 ; Schedule: 21:00 GMT - 16:00 EST - 17:00 EDT ; Dynamo DB data-type 'dailyoptbasal'
77113,DSS2-77113-353627072203055,Create_Daily_SI_Params,DSS2_77113_Daily_SIParams_Schedule,20 21 * * ? *,Every day 21:20 GMT,ENABLED,"{""thing_id"":""DSS2-77113-353627072203055"", ""subject_id"": ""77113"", ""request_length"": 2960, ""request_interval"": 5 }",thing_id:DSS2-77113-353627072203055 ; Schedule: 21:20 GMT - 16:20 EST - 17:20 EDT ; Dynamo DB data-type 'dailysiparams'
77113,DSS2-77113-353627072203055,Create_Daily_BasalCrCf_Profile,DSS2_77113_Profile_Parameter_Schedule,0 13 ? Jan-June TUE 2021,Every Tuesday 13:00 GMT,ENABLED,"{""thing_id"":""DSS2-77113-353627072203055"", ""subject_id"": ""77113"", ""request_length"": 41340, ""request_interval"": 5 }",thing_id:DSS2-77113-353627072203055 ; Schedule: Every TUESDAY 13:00 GMT - 08:00 EST - 09:00 EDT ; Dynamo DB data-type 'profile' 
77115,DSS2-77115-353626071342229,Calculate_Engagement_Metric,DSS2_77115_Engagement_Metric_Schedule,58 5 * * ? *,Every day 5:58 GMT,ENABLED,"{""thing_id"":""DSS2-77115-353626071342229"", ""subject_id"":""77115""}",thing_id:DSS2-77115-353626071342229 ; Schedule: 05:58 GMT - 00:58 EST - 01:58 EDT ; Dynamo DB data-type 'engagement_metric'
77115,DSS2-77115-353626071342229,PredictAdvisoryParams,DSS2_77115_Advisory_Parameter_Schedule,0 10 * * ? *,Every day 10:00 GMT,ENABLED,"{""thing_id"":""DSS2-77115-353626071342229"", ""subject_id"":""77115""}",thing_id:DSS2-77115-353626071342229 ; Schedule: 10:00 GMT - 05:00 EST - 06:00 EDT ; Dynamo DB data-type 'advisory'
77115,DSS2-77115-353626071342229,Create_Daily_Basal_Profile,DSS2_77115_Daily_Basal_Schedule,0 22 * * ? *,Every day 22:00 GMT,ENABLED,"{""thing_id"":""DSS2-77115-353626071342229"", ""subject_id"": ""77115"", ""request_length"": 3000, ""request_interval"": 5 }",thing_id:DSS2-77115-353626071342229 ; Schedule: 22:00 GMT - 17:00 EST - 18:00 EDT ; Dynamo DB data-type 'dailyoptbasal'
77115,DSS2-77115-353626071342229,Create_Daily_SI_Params,DSS2_77115_Daily_SIParams_Schedule,20 22 * * ? *,Every day 22:20 GMT,ENABLED,"{""thing_id"":""DSS2-77115-353626071342229"", ""subject_id"": ""77115"", ""request_length"": 3020, ""request_interval"": 5 }",thing_id:DSS2-77115-353626071342229 ; Schedule: 22:20 GMT - 17:20 EST - 18:20 EDT ; Dynamo DB data-type 'dailysiparams'
77115,DSS2-77115-353626071342229,Create_Daily_BasalCrCf_Profile,DSS2_77115_Profile_Parameter_Schedule,30 13 ? Jan-June SUN 2021,Every Sunday 13:30 GMT,ENABLED,"{""thing_id"":""DSS2-77115-353626071342229"", ""subject_id"": ""77115"", ""request_length"": 41370, ""request_interval"": 5 }",thing_id:DSS2-77115-353626071342229 ; Schedule: Every SUNDAY 13:30 GMT - 08:30 EST - 09:30 EDT ; Dynamo DB data-type 'profile' 
77117,DSS2-77117-353626070755249,Calculate_Engagement_Metric,DSS2_77117_Engagement_Metric_Schedule,02 6 * * ? *,Every day 6:02 GMT,ENABLED,"{""thing_id"":""DSS2-77117-353626070755249"", ""subject_id"":""77117""}",thing_id:DSS2-77117-353626070755249 ; Schedule: 06:02 GMT -  01:02 EST - 02:02 EDT ; Dynamo DB data-type 'engagement_metric'
77117,DSS2-77117-353626070755249,PredictAdvisoryParams,DSS2_77117_Advisory_Parameter_Schedule,30 10 * * ? *,Every day 10:30 GMT,ENABLED,"{""thing_id"":""DSS2-77117-353626070755249"", ""subject_id"":""77117""}",thing_id:DSS2-77117-353626070755249 ; Schedule: 10:30 GMT - 05:30 EST - 06:30 EDT  ; Dynamo DB data-type 'advisory'
77117,DSS2-77117-353626070755249,Create_Daily_Basal_Profile,DSS2_77117_Daily_Basal_Schedule,0 23 * * ? *,Every day 23:00 GMT,ENABLED,"{""thing_id"":""DSS2-77117-353626070755249"", ""subject_id"": ""77117"", ""request_length"": 3060, ""request_interval"": 5 }",thing_id:DSS2-77117-353626070755249 ; Schedule: 23:00 GMT - 18:00 EST - 19:00 EDT ; Dynamo DB data-type 'dailyoptbasal'
77117,DSS2-77117-353626070755249,Create_Daily_SI_Params,DSS2_77117_Daily_SIParams_Schedule,20 23 * * ? *,Every day 23:20 GMT,ENABLED,"{""thing_id"":""DSS2-77117-353626070755249"", ""subject_id"": ""77117"", ""request_length"": 3080, ""request_interval"": 5 }",thing_id:DSS2-77117-353626070755249 ; Schedule: 23:20 GMT - 18:20 EST - 19:20 EDT ; Dynamo DB data-type 'dailysiparams'
77117,DSS2-77117-353626070755249,Create_Daily_BasalCrCf_Profile,DSS2_77117_Profile_Parameter_Schedule,0 14 ? Jan-June SAT 2021,Every Saturday 14:00 GMT,ENABLED,"{""thing_id"":""DSS2-77117-353626070755249"", ""subject_id"": ""77117"", ""request_length"": 41400, ""request_interval"": 5 }",thing_id:DSS2-77117-353626070755249 ; Schedule: Every SATURDAY 14:00 GMT - 09:00 EST - 10:00 EDT ; Dynamo DB data-type 'profile'
77118,DSS2-77118-353626070750679,Calculate_Engagement_Metric,DSS2_77118_Engagement_Metric_Schedule,04 6 * * ? *,Every day 6:04 GMT,ENABLED,"{""thing_id"":""DSS2-77118-353626070750679"", ""subject_id"":""77118""}",thing_id:DSS2-77118-353626070750679 ; Schedule: 06:04 GMT -  01:04 EST - 02:04 EDT ; Dynamo DB data-type 'engagement_metric'
77118,DSS2-77118-353626070750679,PredictAdvisoryParams,DSS2_77118_Advisory_Parameter_Schedule,45 10 * * ? *,Every day 10:45 GMT,ENABLED,"{""thing_id"":""DSS2-77118-353626070750679"", ""subject_id"":""77118""}",thing_id:DSS2-77118-353626070750679 ; Schedule: 10:45 GMT - 05:45 EST - 06:45 EDT  ; Dynamo DB data-type 'advisory'
77118,DSS2-77118-353626070750679,Create_Daily_Basal_Profile,DSS2_77118_Daily_Basal_Schedule,30 23 * * ? *,Every day 23:30 GMT,ENABLED,"{""thing_id"":""DSS2-77118-353626070750679"", ""subject_id"": ""77118"", ""request_length"": 3090, ""request_interval"": 5 }",thing_id:DSS2-77118-353626070750679 ; Schedule: 23:30 GMT - 18:30 EST - 19:30 EDT ; Dynamo DB data-type 'dailyoptbasal'
77118,DSS2-77118-353626070750679,Create_Daily_SI_Params,DSS2_77118_Daily_SIParams_Schedule,50 23 * * ? *,Every day 23:50 GMT,ENABLED,"{""thing_id"":""DSS2-77118-353626070750679"", ""subject_id"": ""77118"", ""request_length"": 3110, ""request_interval"": 5 }",thing_id:DSS2-77118-353626070750679 ; Schedule: 23:50 GMT - 18:50 EST - 19:50 EDT ; Dynamo DB data-type 'dailysiparams'
77118,DSS2-77118-353626070750679,Create_Daily_BasalCrCf_Profile,DSS2_77118_Profile_Parameter_Schedule,30 14 ? Jan-June SUN 2021,Every Sunday 14:30 GMT,ENABLED,"{""thing_id"":""DSS2-77118-353626070750679"", ""subject_id"": ""77118"", ""request_length"": 41430, ""request_interval"": 5 }",thing_id:DSS2-77118-353626070750679 ; Schedule: Every SUNDAY 14:30 GMT - 09:30 EST - 10:30 EDT ; Dynamo DB data-type 'profile'
77121,DSS2-77121-353626077547433,Calculate_Engagement_Metric,DSS2_77121_Engagement_Metric_Schedule,10 6 * * ? *,Every day 6:10 GMT,,"{""thing_id"":""DSS2-77121-353626077547433"", ""subject_id"":""77121""}",thing_id:DSS2-77121-353626077547433 ; Schedule: 06:10 GMT -  01:10 EST - 02:10 EDT ; Dynamo DB data-type 'engagement_metric'
77121,DSS2-77121-353626077547433,PredictAdvisoryParams,DSS2_77121_Advisory_Parameter_Schedule,30 11 * * ? *,Every day 11:30 GMT,,"{""thing_id"":""DSS2-77121-353626077547433"", ""subject_id"":""77121""}",thing_id:DSS2-77121-353626077547433 ; Schedule: 11:30 GMT - 06:30 EST - 07:30 EDT  ; Dynamo DB data-type 'advisory'
77121,DSS2-77121-353626077547433,Create_Daily_Basal_Profile,DSS2_77121_Daily_Basal_Schedule,0 1 * * ? *,Every day 1:00 GMT,,"{""thing_id"":""DSS2-77121-353626077547433"", ""subject_id"": ""77121"", ""request_length"": 3180, ""request_interval"": 5 }",thing_id:DSS2-77121-353626077547433 ; Schedule: 1:00 GMT - 20:00 EST - 21:00 EDT ; Dynamo DB data-type 'dailyoptbasal'
77121,DSS2-77121-353626077547433,Create_Daily_SI_Params,DSS2_77121_Daily_SIParams_Schedule,20 1 * * ? *,Every day 1:20 GMT,,"{""thing_id"":""DSS2-77121-353626077547433"", ""subject_id"": ""77121"", ""request_length"": 3200, ""request_interval"": 5 }",thing_id:DSS2-77121-353626077547433 ; Schedule: 1:20 GMT - 20:20 EST - 21:20 EDT ; Dynamo DB data-type 'dailysiparams'
77121,DSS2-77121-353626077547433,Create_Daily_BasalCrCf_Profile,DSS2_77121_Profile_Parameter_Schedule,30 13 ? Jan-June FRI 2021,Every Friday 13:30 GMT,,"{""thing_id"":""DSS2-77121-353626077547433"", ""subject_id"": ""77121"", ""request_length"": 41370, ""request_interval"": 5 }",thing_id:DSS2-77121-353626077547433 ; Schedule: Every FRIDAY 13:30 GMT - 08:30 EST - 09:30 EDT ; Dynamo DB data-type 'profile'
77123,DSS2-77123-353626070749150,Calculate_Engagement_Metric,DSS2_77123_Engagement_Metric_Schedule,18 6 * * ? *,Every day 06:18 GMT,,"{""thing_id"": ""DSS2-77125-353626074539748"", ""subject_id"": ""77125""}",thing_id:DSS2-77125-353626074539748 ; Schedule: 06:18 GMT - 01:18 EST - 02:18 EDT ; Dynamo DB data-type 'engagement_metric'
77123,DSS2-77123-353626070749150,PredictAdvisoryParams,DSS2_77123_Advisory_Parameter_Schedule,30 12 * * ? *,Every day 12:30 GMT,,"{""thing_id"": ""DSS2-77125-353626074539748"", ""subject_id"": ""77125""}",thing_id:DSS2-77124-353626070749358 ; Schedule: 06:16 GMT -  01:16 EST - 02:16 EDT ; Dynamo DB data-type 'engagement_metric'
77123,DSS2-77123-353626070749150,Create_Daily_Basal_Profile,DSS2_77125_Daily_Basal_Schedule,0 3 * * ? *,Every day 03:00 GMT,,"{""thing_id"":""DSS2-77125-353626074539748"", ""subject_id"": ""77125"", ""request_length"": 2700, ""request_interval"": 5 }",thing_id:DSS2-77124-353626070749358 ; Schedule: 12:15 GMT - 07:15 EST - 08:15 EDT  ; Dynamo DB data-type 'advisory'
77123,DSS2-77123-353626070749150,Create_Daily_SI_Params,DSS2_77125_Daily_SIParams_Schedule,20 3 * * ? *,Every day 03:20 GMT,,"{""thing_id"":""DSS2-77125-353626074539748"", ""subject_id"": ""77125"", ""request_length"": 3320, ""request_interval"": 5 }",thing_id:DSS2-77124-353626070749358 ; Schedule: 2:30 GMT - 21:30 EST - 22:30 EDT ; Dynamo DB data-type 'dailyoptbasal'
77123,DSS2-77123-353626070749150,Create_Daily_BasalCrCf_Profile,DSS2_77125_Profile_Parameter_Schedule,30 13 ? Jan-June SAT 2021,Every Saturday 13:30 GMT,,"{""thing_id"":""DSS2-77123-353626070749150"", ""subject_id"": ""77123"", ""request_length"": 41370, ""request_interval"": 5 }",thing_id:DSS2-77124-353626070749358 ; Schedule: 2:50 GMT - 21:50 EST - 22:50 EDT ; Dynamo DB data-type 'dailysiparams'
77124,DSS2-77124-353626070749358,Calculate_Engagement_Metric,DSS2_77124_Engagement_Metric_Schedule,16 6 * * ? *,Every day 6:16 GMT,,"{""thing_id"": ""DSS2-77124-353626070749358"", ""subject_id"": ""77124""}",thing_id:DSS2-77124-353626070749358 ; Schedule: Every FRIDAY 14:30 GMT - 09:30 EST - 10:30 EDT ; Dynamo DB data-type 'profile'
77124,DSS2-77124-353626070749358,PredictAdvisoryParams,DSS2_77124_Advisory_Parameter_Schedule,15 12 * * ? *,Every day 12:15 GMT,,"{""thing_id"":""DSS2-77124-353626070749358"", ""subject_id"":""77124""}",thing_id:DSS2-77124-353626070749358 ; Schedule: 12:15 GMT - 07:15 EST - 08:15 EDT  ; Dynamo DB data-type 'advisory'
77124,DSS2-77124-353626070749358,Create_Daily_Basal_Profile,DSS2_77124_Daily_Basal_Schedule,30 2 * * ? *,Every day 2:30 GMT,,"{""thing_id"":""DSS2-77124-353626070749358"", ""subject_id"": ""77124"", ""request_length"": 3270, ""request_interval"": 5 }",thing_id:DSS2-77124-353626070749358 ; Schedule: 2:30 GMT - 21:30 EST - 22:30 EDT ; Dynamo DB data-type 'dailyoptbasal'
77124,DSS2-77124-353626070749358,Create_Daily_SI_Params,DSS2_77124_Daily_SIParams_Schedule,50 2 * * ? *,Every day 2:50 GMT,,"{""thing_id"":""DSS2-77124-353626070749358"", ""subject_id"": ""77124"", ""request_length"": 3290, ""request_interval"": 5 }",thing_id:DSS2-77124-353626070749358 ; Schedule: 2:50 GMT - 21:50 EST - 22:50 EDT ; Dynamo DB data-type 'dailysiparams'
77124,DSS2-77124-353626070749358,Create_Daily_BasalCrCf_Profile,DSS2_77124_Profile_Parameter_Schedule,30 14 ? Jan-June FRI 2021,Every Friday 14:30 GMT,,"{""thing_id"":""DSS2-77124-353626070749358"", ""subject_id"": ""77124"", ""request_length"": 41430, ""request_interval"": 5 }",thing_id:DSS2-77124-353626070749358 ; Schedule: Every FRIDAY 14:30 GMT - 09:30 EST - 10:30 EDT ; Dynamo DB data-type 'profile'
77125,DSS2-77125-353626074539748,Calculate_Engagement_Metric,DSS2_77125_Engagement_Metric_Schedule,18 6 * * ? *,Every day 06:18 GMT,,"{""thing_id"": ""DSS2-77125-353626074539748"", ""subject_id"": ""77125""}",thing_id:DSS2-77125-353626074539748 ; Schedule: 06:18 GMT - 01:18 EST - 02:18 EDT ; Dynamo DB data-type 'engagement_metric'
77125,DSS2-77125-353626074539748,PredictAdvisoryParams,DSS2_77125_Advisory_Parameter_Schedule,30 12 * * ? *,Every day 12:30 GMT,,"{""thing_id"": ""DSS2-77125-353626074539748"", ""subject_id"": ""77125""}",thing_id:DSS2-77125-353626074539748 ; Schedule: 12:30 GMT - 07:30 EST - 08:30 EDT ; Dynamo DB data-type 'advisory'
77125,DSS2-77125-353626074539748,Create_Daily_Basal_Profile,DSS2_77125_Daily_Basal_Schedule,0 3 * * ? *,Every day 03:00 GMT,,"{""thing_id"":""DSS2-77125-353626074539748"", ""subject_id"": ""77125"", ""request_length"": 3300, ""request_interval"": 5 }",thing_id:DSS2-77125-353626074539748 ; Schedule: 03:00 GMT - 22:00 EST - 23:00 EDT ; Dynamo DB data-type 'dailyoptbasal'
77125,DSS2-77125-353626074539748,Create_Daily_SI_Params,DSS2_77125_Daily_SIParams_Schedule,20 3 * * ? *,Every day 03:20 GMT,,"{""thing_id"":""DSS2-77125-353626074539748"", ""subject_id"": ""77125"", ""request_length"": 3320, ""request_interval"": 5 }",thing_id:DSS2-77125-353626074539748 ; Schedule: 03:20 GMT - 22:20 EST - 23:20 EDT ; Dynamo DB data-type 'dailysiparams'
77125,DSS2-77125-353626074539748,Create_Daily_BasalCrCf_Profile,DSS2_77125_Profile_Parameter_Schedule,30 13 ? Jan-June SAT 2021,Every Saturday 13:30 GMT,,"{""thing_id"":""DSS2-77125-353626074539748"", ""subject_id"": ""77125"", ""request_length"": 41370, ""request_interval"": 5 }",thing_id:DSS2-77125-353626074539748 ; Schedule: Every SATURDAY 13:30 GMT - 08:30 EST - 9:30 EDT ; Dynamo DB data-type 'profile'
